{
  "splice_sites_acceptors": {
    "accuracy": 0.9382326420198377,
    "f1": 0.9382094180684979,
    "mcc": 0.8766574291640672,
    "train_time": 148.9153254032135,
    "n_params": 3319298,
    "task": "splice_sites_acceptors"
  },
  "splice_sites_donors": {
    "accuracy": 0.9585987261146497,
    "f1": 0.9585967978747165,
    "mcc": 0.9173082985443953,
    "train_time": 147.5960500240326,
    "n_params": 3319298,
    "task": "splice_sites_donors"
  }
}